INSERT INTO C4_COMPANY_DETAILS (
COMPANY_OID, COMPANY_ID, COMPANY_NAME, PHONE, CREATED_BY, CREATED_DATE, LAST_MODIFIED_BY, LAST_MODIFIED_DATE, PRODUCT_ID
) VALUES (
'FFFFFF1234567890', 'DUMMY1', 'DUMMY TECHNOLOGY SOLUTIONS','9849698496', 'AAAAAA1234567890',SYSDATE,'AAAAAA1234567890',SYSDATE, 'VRMS'
);

INSERT INTO C4_PRODUCT_DETAILS VALUES ('VRMS', 'VRMS', 'VideoRentalManagementSystem', 'http://localhost:8080/VideoRentalManagementUI/');
INSERT INTO C4_PRODUCT_DETAILS VALUES ('CDMS', 'CDMS', 'ContractDocumentsManagementSystem', 'http://localhost:8080/ContractDocumentsManagementUI/');

INSERT INTO C4_ROLE_DETAILS (ROLE_ID, ROLE_NAME, COMPANY_OID
) VALUES (
'RL200000', 'STANDARD_AGENT', 'FFFFFF1234567890'
);
INSERT INTO C4_ROLE_DETAILS (ROLE_ID, ROLE_NAME, COMPANY_OID
) VALUES (
'RL220000', 'STANDARD_CUSTOMER', 'FFFFFF1234567890'
);

INSERT INTO C4_USER_SECURITY (USER_OID,USERNAME,PASSWORD,STATUS,CREATED_BY, CREATED_DATE, LAST_MODIFIED_BY, LAST_MODIFIED_DATE, VERSION
) VALUES (
'AAAAAA1234567890', 'dummyuser@gmail.com', 'dummy', 'ACTIVE', 'AAAAAA1234567890', SYSDATE, 'AAAAAA1234567890', SYSDATE, 1
);

INSERT INTO C4_USER_DETAILS (
C4_USER_OID, USERNAME, EMAIL, FIRST_NAME, LAST_NAME, MOBILE, CREATED_BY, CREATED_DATE, LAST_MODIFIED_BY, LAST_MODIFIED_DATE, ROLE_ID, COMPANY_OID
) VALUES (
'AAAAAA1234567890', 'dummyuser@gmail.com', 'dummyuser@gmail.com', 'Upender', 'Mamindlapelly', '9849613769', 'AAAAAA1234567890', SYSDATE, 'AAAAAA1234567890', SYSDATE, 'RL200000', 'FFFFFF1234567890'
);

--------

INSERT INTO C4_COMPANY_DETAILS (
COMPANY_OID, COMPANY_ID, COMPANY_NAME, PHONE, CREATED_BY, CREATED_DATE, LAST_MODIFIED_BY, LAST_MODIFIED_DATE
) VALUES (
'FFFFFF1234554321', 'DUMMY2', 'DUMMY TECHNOLOGY SOLUTIONS 2','9849698496', 'AAAAAA1234554321',SYSDATE,'AAAAAA1234554321',SYSDATE
);

INSERT INTO C4_ROLE_DETAILS (ROLE_ID, ROLE_NAME, COMPANY_OID
) VALUES (
'RL300000', 'STANDARD_AGENT', 'FFFFFF1234554321'
);
INSERT INTO C4_ROLE_DETAILS (ROLE_ID, ROLE_NAME, COMPANY_OID
) VALUES (
'RL330000', 'STANDARD_CUSTOMER', 'FFFFFF1234554321'
);

INSERT INTO C4_USER_SECURITY (USER_OID,USERNAME,PASSWORD,STATUS,CREATED_BY, CREATED_DATE, LAST_MODIFIED_BY, LAST_MODIFIED_DATE, VERSION
) VALUES (
'AAAAAA1234554321', 'dummyuser2@gmail.com', 'dummy', 'ACTIVE', 'AAAAAA1234554321', SYSDATE, 'AAAAAA1234554321', SYSDATE, 1
);

INSERT INTO C4_USER_DETAILS (
C4_USER_OID, USERNAME, EMAIL, FIRST_NAME, LAST_NAME, MOBILE, CREATED_BY, CREATED_DATE, LAST_MODIFIED_BY, LAST_MODIFIED_DATE, ROLE_ID, COMPANY_OID
) VALUES (
'AAAAAA1234554321', 'dummyuser2@gmail.com', 'dummyuser2@gmail.com', 'Upender', 'Mamindlapelly', '9849698490', 'AAAAAA1234554321', SYSDATE, 'AAAAAA1234554321', SYSDATE, 'RL300000', 'FFFFFF1234554321'
);